itemCollection_MechParts_rare,,,
mechdef_phoenixhawk_PXH-1b,MechPart,1,1
mechdef_wyvern_WVE-5Nb,MechPart,1,1
mechdef_kintaro_KTO-19b,MechPart,1,1
mechdef_blackknight_BL-6b-KNT,MechPart,1,1
mechdef_zeus_ZEU-6T,MechPart,1,1
mechdef_highlander_HGN-732b,MechPart,1,1
mechdef_rifleman_RFL-5CS,MechPart,1,1
mechdef_archer_ARC-5CS,MechPart,1,1
mechdef_warhammer_WHM-7CS,MechPart,1,1
mechdef_blackknight_BL-9-KNT,MechPart,1,1
mechdef_marauder_MAD-5CS,MechPart,1,1
mechdef_shadowhawk_SHD-2Ht,MechPart,1,1
mechdef_fireball_ALM-7D,MechPart,1,1
mechdef_dart_DRT-3S,MechPart,1,1
mechdef_jackal_JA-KL-1532,MechPart,1,1
mechdef_hollander_BZK-G1,MechPart,1,1
mechdef_firebee_FRB-2Er,MechPart,1,1
mechdef_nighthawk_NTK-2Q,MechPart,1,1
mechdef_panther_PNT-10Kr,MechPart,1,1
mechdef_raven_RVN-3M,MechPart,1,1
mechdef_venom_SDR-9K,MechPart,1,1
mechdef_spector_SPR-5F,MechPart,1,1
mechdef_talon_TLN-5V,MechPart,1,1
mechdef_assassin_ASN-27,MechPart,1,1
mechdef_hatchetman_HCT-5S,MechPart,1,1
mechdef_komodo_KIM-2,MechPart,1,1
mechdef_snake_SNK-1V,MechPart,1,1
mechdef_vindicator_VND-1AAr,MechPart,1,1
mechdef_vindicator_VND-3L,MechPart,1,1
mechdef_chameleon_CLN-7W,MechPart,1,1
mechdef_enforcer_ENF-5D,MechPart,1,1
mechdef_huronwarrior_HUR-WO-R4L,MechPart,1,1
mechdef_nightsky_NGS-4S,MechPart,1,1
mechdef_starslayer_STY-3C,MechPart,1,1
mechdef_apollo_APL-1M,MechPart,1,1
mechdef_bushwacker_BSW-X1,MechPart,1,1
mechdef_dervish_DV-6Mg,MechPart,1,1
mechdef_griffin_GRF-1DSr,MechPart,1,1
mechdef_kintaro_KTO-20,MechPart,1,1
mechdef_lynx_LNX-9Q,MechPart,1,1
mechdef_wraith_TR1,MechPart,1,1
mechdef_anvil_ANV-3M,MechPart,1,1
mechdef_champion_CHP-1N2,MechPart,1,1
mechdef_ostsol_OTL-5Mr,MechPart,1,1
mechdef_rifleman_RFL-C,MechPart,1,1
mechdef_axman_AXM-1N,MechPart,1,1
mechdef_catapult_CPLT-C1b,MechPart,1,1
mechdef_catapult_CPLT-K2K,MechPart,1,1
mechdef_thunderbolt_TDR-8M,MechPart,1,1
mechdef_thunderbolt_TDR-C,MechPart,1,1
mechdef_archer_ARC-C,MechPart,1,1
mechdef_caesar_CES-3R,MechPart,1,1
mechdef_cataphract_CTF-3D,MechPart,1,1
mechdef_cataphract_CTF-3L,MechPart,1,1
mechdef_gallowglas_GAL-1GLS,MechPart,1,1
mechdef_thunder_THR-1L,MechPart,1,1
mechdef_warhammer_WHM-C,MechPart,1,1
mechdef_falconer_FLC-8R,MechPart,1,1
mechdef_flashman_FLS-8Kr,MechPart,1,1
mechdef_marauder_MAD-C,MechPart,1,1
mechdef_rakshasa_MDG-1B,MechPart,1,1
mechdef_maelstrom_MTR-5K,MechPart,1,1
mechdef_orion_ON1-MA,MechPart,1,1
mechdef_penetrator_PTR-4D,MechPart,1,1
mechdef_awesome_AWS-9Q,MechPart,1,1
mechdef_charger_CGR-3K,MechPart,1,1
mechdef_salamander_PPR-5S,MechPart,1,1
mechdef_striker_STC-2D,MechPart,1,1
mechdef_thug_THG-11E,MechPart,1,1
mechdef_warhammer_IIC-2,MechPart,1,1
mechdef_zeus_ZEU-9S2,MechPart,1,1
mechdef_battlemaster_BLR-3S,MechPart,1,1
mechdef_gunslinger_GUN-1ERD,MechPart,1,1
mechdef_emperor_EMP-6A,MechPart,1,1
mechdef_albatross_ALB-3U,MechPart,1,1
mechdef_banshee_BNC-5S,MechPart,1,1
mechdef_cerberus_MR-V2,MechPart,1,1
mechdef_nightstar_NSR-9J,MechPart,1,1
mechdef_nightstar_NSR-9FC,MechPart,1,1
mechdef_devastator_DVS-2,MechPart,1,1
mechdef_kingcrab_KGC-010,MechPart,1,1
mechdef_pillager_PLG-3Z,MechPart,1,1
mechdef_thunderhawk_TDK-7X,MechPart,1,1
mechdef_grandtitan_T-IT-N10M,MechPart,1,1
